ip_src,ip_dst,ip_proto,ip_ttl,ip_len,timestamp,protocol,src_port,dst_port,tcp_flags,tcp_seq,tcp_ack,tcp_window,flag_syn,flag_ack,flag_fin,flag_rst,flag_psh,flag_urg
177.207.198.46,192.168.1.100,6,64,40,1769868534.628194,TCP,36491,80,S,2940903,0,8192,1,0,0,0,0,0
228.67.169.252,192.168.1.100,6,64,40,1769868534.628268,TCP,36160,80,S,7986131,0,8192,1,0,0,0,0,0
14.36.203.50,192.168.1.100,6,64,40,1769868534.628332,TCP,51041,80,S,1921252,0,8192,1,0,0,0,0,0
6.11.148.211,192.168.1.100,6,64,40,1769868534.628394,TCP,45935,80,S,8776090,0,8192,1,0,0,0,0,0
38.202.121.123,192.168.1.100,6,64,40,1769868534.628498,TCP,57292,80,S,1837383,0,8192,1,0,0,0,0,0
161.151.158.244,192.168.1.100,6,64,40,1769868534.628574,TCP,7565,80,S,6684657,0,8192,1,0,0,0,0,0
200.185.177.96,192.168.1.100,6,64,40,1769868534.628637,TCP,16586,80,S,5660974,0,8192,1,0,0,0,0,0
81.179.223.195,192.168.1.100,6,64,40,1769868534.628701,TCP,7920,80,S,2945923,0,8192,1,0,0,0,0,0
2.230.56.187,192.168.1.100,6,64,40,1769868534.628763,TCP,54999,80,S,1971675,0,8192,1,0,0,0,0,0
223.169.143.53,192.168.1.100,6,64,40,1769868534.628826,TCP,31315,80,S,6307048,0,8192,1,0,0,0,0,0
103.101.105.223,192.168.1.100,6,64,40,1769868534.628891,TCP,25320,80,S,3560463,0,8192,1,0,0,0,0,0
95.157.39.140,192.168.1.100,6,64,40,1769868534.628953,TCP,9959,80,S,8653706,0,8192,1,0,0,0,0,0
144.240.95.70,192.168.1.100,6,64,40,1769868534.629014,TCP,27042,80,S,2842754,0,8192,1,0,0,0,0,0
104.149.1.226,192.168.1.100,6,64,40,1769868534.629079,TCP,14138,80,S,5692615,0,8192,1,0,0,0,0,0
122.181.144.5,192.168.1.100,6,64,40,1769868534.629139,TCP,4335,80,S,9197120,0,8192,1,0,0,0,0,0
174.139.143.200,192.168.1.100,6,64,40,1769868534.629201,TCP,46423,80,S,9013259,0,8192,1,0,0,0,0,0
2.42.114.72,192.168.1.100,6,64,40,1769868534.629261,TCP,11853,80,S,8395159,0,8192,1,0,0,0,0,0
124.225.10.194,192.168.1.100,6,64,40,1769868534.62932,TCP,24865,80,S,1603389,0,8192,1,0,0,0,0,0
145.165.211.98,192.168.1.100,6,64,40,1769868534.629386,TCP,52992,80,S,1473491,0,8192,1,0,0,0,0,0
103.22.97.61,192.168.1.100,6,64,40,1769868534.62945,TCP,28684,80,S,7722895,0,8192,1,0,0,0,0,0
210.106.82.86,192.168.1.100,6,64,40,1769868534.629509,TCP,58205,80,S,2446316,0,8192,1,0,0,0,0,0
132.218.138.113,192.168.1.100,6,64,40,1769868534.629572,TCP,65382,80,S,7083155,0,8192,1,0,0,0,0,0
13.59.16.192,192.168.1.100,6,64,40,1769868534.629652,TCP,29943,80,S,3411892,0,8192,1,0,0,0,0,0
31.130.196.122,192.168.1.100,6,64,40,1769868534.629715,TCP,49113,80,S,7730292,0,8192,1,0,0,0,0,0
217.155.61.50,192.168.1.100,6,64,40,1769868534.629777,TCP,41614,80,S,2109365,0,8192,1,0,0,0,0,0
150.155.217.88,192.168.1.100,6,64,40,1769868534.629854,TCP,42058,80,S,7686475,0,8192,1,0,0,0,0,0
45.67.134.160,192.168.1.100,6,64,40,1769868534.629918,TCP,533,80,S,8802231,0,8192,1,0,0,0,0,0
146.49.128.220,192.168.1.100,6,64,40,1769868534.62998,TCP,24045,80,S,3446459,0,8192,1,0,0,0,0,0
68.137.199.79,192.168.1.100,6,64,40,1769868534.630048,TCP,65396,80,S,3817234,0,8192,1,0,0,0,0,0
171.22.135.161,192.168.1.100,6,64,40,1769868534.630113,TCP,65161,80,S,7436541,0,8192,1,0,0,0,0,0
215.172.226.90,192.168.1.100,6,64,40,1769868534.630181,TCP,30685,80,S,4948945,0,8192,1,0,0,0,0,0
234.36.90.238,192.168.1.100,6,64,40,1769868534.630325,TCP,14129,80,S,6847087,0,8192,1,0,0,0,0,0
75.223.227.4,192.168.1.100,6,64,40,1769868534.630386,TCP,11335,80,S,4951361,0,8192,1,0,0,0,0,0
195.187.239.29,192.168.1.100,6,64,40,1769868534.63045,TCP,2733,80,S,8184069,0,8192,1,0,0,0,0,0
59.131.246.62,192.168.1.100,6,64,40,1769868534.63051,TCP,4531,80,S,9392989,0,8192,1,0,0,0,0,0
38.90.209.90,192.168.1.100,6,64,40,1769868534.63057,TCP,53967,80,S,4653997,0,8192,1,0,0,0,0,0
71.12.193.196,192.168.1.100,6,64,40,1769868534.63064,TCP,58171,80,S,4788857,0,8192,1,0,0,0,0,0
27.59.131.223,192.168.1.100,6,64,40,1769868534.630699,TCP,43870,80,S,3950729,0,8192,1,0,0,0,0,0
43.124.7.14,192.168.1.100,6,64,40,1769868534.630764,TCP,26576,80,S,1605613,0,8192,1,0,0,0,0,0
250.239.135.195,192.168.1.100,6,64,40,1769868534.630825,TCP,48816,80,S,3668966,0,8192,1,0,0,0,0,0
232.122.251.239,192.168.1.100,6,64,40,1769868534.630887,TCP,40652,80,S,2802173,0,8192,1,0,0,0,0,0
27.139.137.245,192.168.1.100,6,64,40,1769868534.630953,TCP,15103,80,S,6125886,0,8192,1,0,0,0,0,0
199.152.96.114,192.168.1.100,6,64,40,1769868534.631016,TCP,17326,80,S,3119780,0,8192,1,0,0,0,0,0
2.239.24.117,192.168.1.100,6,64,40,1769868534.631075,TCP,36681,80,S,9500166,0,8192,1,0,0,0,0,0
160.45.190.194,192.168.1.100,6,64,40,1769868534.631134,TCP,9394,80,S,6534963,0,8192,1,0,0,0,0,0
2.112.29.130,192.168.1.100,6,64,40,1769868534.631195,TCP,4198,80,S,7223957,0,8192,1,0,0,0,0,0
88.88.81.205,192.168.1.100,6,64,40,1769868534.631255,TCP,21555,80,S,3522241,0,8192,1,0,0,0,0,0
138.165.54.115,192.168.1.100,6,64,40,1769868534.631315,TCP,59185,80,S,1374969,0,8192,1,0,0,0,0,0
62.128.79.212,192.168.1.100,6,64,40,1769868534.631377,TCP,7221,80,S,5152211,0,8192,1,0,0,0,0,0
135.249.100.45,192.168.1.100,6,64,40,1769868534.631443,TCP,5990,80,S,4314638,0,8192,1,0,0,0,0,0
161.102.130.228,192.168.1.100,6,64,40,1769868534.631505,TCP,26743,80,S,5310239,0,8192,1,0,0,0,0,0
131.212.182.202,192.168.1.100,6,64,40,1769868534.63157,TCP,14398,80,S,5575720,0,8192,1,0,0,0,0,0
174.183.92.141,192.168.1.100,6,64,40,1769868534.63164,TCP,34546,80,S,6128237,0,8192,1,0,0,0,0,0
214.18.86.157,192.168.1.100,6,64,40,1769868534.631711,TCP,64425,80,S,3115614,0,8192,1,0,0,0,0,0
60.242.180.211,192.168.1.100,6,64,40,1769868534.631774,TCP,11000,80,S,8540169,0,8192,1,0,0,0,0,0
203.17.133.183,192.168.1.100,6,64,40,1769868534.631833,TCP,58186,80,S,5915191,0,8192,1,0,0,0,0,0
18.225.108.157,192.168.1.100,6,64,40,1769868534.631897,TCP,36403,80,S,2117954,0,8192,1,0,0,0,0,0
67.89.159.155,192.168.1.100,6,64,40,1769868534.631957,TCP,19601,80,S,5735333,0,8192,1,0,0,0,0,0
34.44.175.205,192.168.1.100,6,64,40,1769868534.632021,TCP,20085,80,S,2841481,0,8192,1,0,0,0,0,0
168.42.49.168,192.168.1.100,6,64,40,1769868534.632084,TCP,44187,80,S,3435934,0,8192,1,0,0,0,0,0
79.127.99.145,192.168.1.100,6,64,40,1769868534.632151,TCP,38922,80,S,6245710,0,8192,1,0,0,0,0,0
160.133.154.48,192.168.1.100,6,64,40,1769868534.632258,TCP,59414,80,S,5435300,0,8192,1,0,0,0,0,0
15.208.45.216,192.168.1.100,6,64,40,1769868534.632337,TCP,48154,80,S,1376159,0,8192,1,0,0,0,0,0
103.237.63.109,192.168.1.100,6,64,40,1769868534.632406,TCP,22615,80,S,6880283,0,8192,1,0,0,0,0,0
61.137.180.183,192.168.1.100,6,64,40,1769868534.632475,TCP,13352,80,S,4194615,0,8192,1,0,0,0,0,0
182.64.142.214,192.168.1.100,6,64,40,1769868534.632539,TCP,34929,80,S,8289291,0,8192,1,0,0,0,0,0
41.126.140.93,192.168.1.100,6,64,40,1769868534.632599,TCP,47883,80,S,7187478,0,8192,1,0,0,0,0,0
16.63.93.147,192.168.1.100,6,64,40,1769868534.632674,TCP,7718,80,S,5857945,0,8192,1,0,0,0,0,0
120.176.239.90,192.168.1.100,6,64,40,1769868534.632734,TCP,36326,80,S,9027371,0,8192,1,0,0,0,0,0
23.217.52.235,192.168.1.100,6,64,40,1769868534.632793,TCP,16473,80,S,9319248,0,8192,1,0,0,0,0,0
77.76.241.9,192.168.1.100,6,64,40,1769868534.632853,TCP,378,80,S,9019273,0,8192,1,0,0,0,0,0
143.40.8.11,192.168.1.100,6,64,40,1769868534.632912,TCP,51168,80,S,7080555,0,8192,1,0,0,0,0,0
216.26.95.156,192.168.1.100,6,64,40,1769868534.632972,TCP,2226,80,S,2754695,0,8192,1,0,0,0,0,0
146.228.40.76,192.168.1.100,6,64,40,1769868534.633031,TCP,27444,80,S,8721828,0,8192,1,0,0,0,0,0
250.253.223.99,192.168.1.100,6,64,40,1769868534.633091,TCP,46455,80,S,7396944,0,8192,1,0,0,0,0,0
90.121.171.57,192.168.1.100,6,64,40,1769868534.63315,TCP,3893,80,S,5193051,0,8192,1,0,0,0,0,0
219.172.102.122,192.168.1.100,6,64,40,1769868534.633243,TCP,53136,80,S,3356242,0,8192,1,0,0,0,0,0
72.207.67.170,192.168.1.100,6,64,40,1769868534.633306,TCP,14082,80,S,6661625,0,8192,1,0,0,0,0,0
171.182.109.107,192.168.1.100,6,64,40,1769868534.633366,TCP,34892,80,S,2546420,0,8192,1,0,0,0,0,0
149.184.212.222,192.168.1.100,6,64,40,1769868534.633426,TCP,51550,80,S,2147296,0,8192,1,0,0,0,0,0
235.34.231.38,192.168.1.100,6,64,40,1769868534.633487,TCP,55997,80,S,7992090,0,8192,1,0,0,0,0,0
76.61.202.6,192.168.1.100,6,64,40,1769868534.633548,TCP,56554,80,S,7644846,0,8192,1,0,0,0,0,0
153.164.42.42,192.168.1.100,6,64,40,1769868534.633609,TCP,63768,80,S,6966211,0,8192,1,0,0,0,0,0
161.49.243.10,192.168.1.100,6,64,40,1769868534.633668,TCP,59567,80,S,8719890,0,8192,1,0,0,0,0,0
51.159.137.238,192.168.1.100,6,64,40,1769868534.633728,TCP,59159,80,S,5392487,0,8192,1,0,0,0,0,0
102.21.125.61,192.168.1.100,6,64,40,1769868534.633788,TCP,53519,80,S,7118800,0,8192,1,0,0,0,0,0
25.175.103.95,192.168.1.100,6,64,40,1769868534.633848,TCP,8388,80,S,4650196,0,8192,1,0,0,0,0,0
151.215.109.193,192.168.1.100,6,64,40,1769868534.633911,TCP,60263,80,S,4123479,0,8192,1,0,0,0,0,0
35.99.198.203,192.168.1.100,6,64,40,1769868534.633977,TCP,32793,80,S,4220239,0,8192,1,0,0,0,0,0
127.199.215.228,192.168.1.100,6,64,40,1769868534.634206,TCP,9779,80,S,6119932,0,8192,1,0,0,0,0,0
117.177.251.56,192.168.1.100,6,64,40,1769868534.634291,TCP,55543,80,S,2021489,0,8192,1,0,0,0,0,0
118.253.191.91,192.168.1.100,6,64,40,1769868534.634357,TCP,52730,80,S,3392827,0,8192,1,0,0,0,0,0
200.140.109.164,192.168.1.100,6,64,40,1769868534.634421,TCP,2583,80,S,4738896,0,8192,1,0,0,0,0,0
218.23.187.174,192.168.1.100,6,64,40,1769868534.634483,TCP,1791,80,S,4042897,0,8192,1,0,0,0,0,0
138.49.95.223,192.168.1.100,6,64,40,1769868534.634544,TCP,25967,80,S,7541300,0,8192,1,0,0,0,0,0
101.235.187.214,192.168.1.100,6,64,40,1769868534.634605,TCP,17150,80,S,9822742,0,8192,1,0,0,0,0,0
122.240.120.20,192.168.1.100,6,64,40,1769868534.634664,TCP,35377,80,S,4878019,0,8192,1,0,0,0,0,0
126.176.84.105,192.168.1.100,6,64,40,1769868534.634725,TCP,27416,80,S,7927159,0,8192,1,0,0,0,0,0
105.93.2.65,192.168.1.100,6,64,40,1769868534.634784,TCP,16767,80,S,4831423,0,8192,1,0,0,0,0,0
130.31.230.146,192.168.1.100,6,64,40,1769868534.634846,TCP,32262,80,S,8068425,0,8192,1,0,0,0,0,0
128.93.141.84,192.168.1.100,6,64,40,1769868534.634911,TCP,51699,80,S,4873819,0,8192,1,0,0,0,0,0
158.94.228.60,192.168.1.100,6,64,40,1769868534.634971,TCP,2314,80,S,9599421,0,8192,1,0,0,0,0,0
189.6.127.130,192.168.1.100,6,64,40,1769868534.635031,TCP,58036,80,S,4392226,0,8192,1,0,0,0,0,0
79.133.24.74,192.168.1.100,6,64,40,1769868534.635091,TCP,22437,80,S,5871425,0,8192,1,0,0,0,0,0
113.9.47.112,192.168.1.100,6,64,40,1769868534.635151,TCP,24705,80,S,7314986,0,8192,1,0,0,0,0,0
187.86.98.66,192.168.1.100,6,64,40,1769868534.635211,TCP,28528,80,S,3125155,0,8192,1,0,0,0,0,0
22.193.112.187,192.168.1.100,6,64,40,1769868534.635271,TCP,33475,80,S,8858881,0,8192,1,0,0,0,0,0
163.19.123.21,192.168.1.100,6,64,40,1769868534.63533,TCP,393,80,S,2644173,0,8192,1,0,0,0,0,0
237.37.138.65,192.168.1.100,6,64,40,1769868534.63539,TCP,4434,80,S,4910548,0,8192,1,0,0,0,0,0
79.186.250.122,192.168.1.100,6,64,40,1769868534.63545,TCP,1703,80,S,2077900,0,8192,1,0,0,0,0,0
98.187.144.167,192.168.1.100,6,64,40,1769868534.63551,TCP,8014,80,S,7022510,0,8192,1,0,0,0,0,0
92.8.90.221,192.168.1.100,6,64,40,1769868534.635571,TCP,29071,80,S,5850888,0,8192,1,0,0,0,0,0
36.1.156.168,192.168.1.100,6,64,40,1769868534.63563,TCP,31280,80,S,6154868,0,8192,1,0,0,0,0,0
51.159.203.136,192.168.1.100,6,64,40,1769868534.63569,TCP,19184,80,S,9371976,0,8192,1,0,0,0,0,0
34.10.129.55,192.168.1.100,6,64,40,1769868534.635755,TCP,22964,80,S,7558181,0,8192,1,0,0,0,0,0
93.114.246.6,192.168.1.100,6,64,40,1769868534.635857,TCP,24176,80,S,1575523,0,8192,1,0,0,0,0,0
29.157.148.15,192.168.1.100,6,64,40,1769868534.635918,TCP,10457,80,S,3493311,0,8192,1,0,0,0,0,0
109.77.118.171,192.168.1.100,6,64,40,1769868534.635979,TCP,63427,80,S,7110116,0,8192,1,0,0,0,0,0
48.111.4.89,192.168.1.100,6,64,40,1769868534.63604,TCP,4368,80,S,7019613,0,8192,1,0,0,0,0,0
175.205.149.195,192.168.1.100,6,64,40,1769868534.6361,TCP,15556,80,S,5963166,0,8192,1,0,0,0,0,0
181.104.17.245,192.168.1.100,6,64,40,1769868534.63616,TCP,15939,80,S,7082270,0,8192,1,0,0,0,0,0
139.18.4.63,192.168.1.100,6,64,40,1769868534.636219,TCP,43066,80,S,7922586,0,8192,1,0,0,0,0,0
113.159.224.232,192.168.1.100,6,64,40,1769868534.636278,TCP,21579,80,S,3472351,0,8192,1,0,0,0,0,0
44.255.27.20,192.168.1.100,6,64,40,1769868534.636337,TCP,5481,80,S,4515506,0,8192,1,0,0,0,0,0
126.114.150.189,192.168.1.100,6,64,40,1769868534.636396,TCP,56729,80,S,8310627,0,8192,1,0,0,0,0,0
225.173.133.100,192.168.1.100,6,64,40,1769868534.636455,TCP,51542,80,S,4679389,0,8192,1,0,0,0,0,0
72.146.250.135,192.168.1.100,6,64,40,1769868534.636515,TCP,39100,80,S,5187650,0,8192,1,0,0,0,0,0
42.57.9.29,192.168.1.100,6,64,40,1769868534.636575,TCP,31769,80,S,2850624,0,8192,1,0,0,0,0,0
45.127.254.156,192.168.1.100,6,64,40,1769868534.636637,TCP,48285,80,S,3017543,0,8192,1,0,0,0,0,0
115.80.135.244,192.168.1.100,6,64,40,1769868534.636697,TCP,3450,80,S,5089512,0,8192,1,0,0,0,0,0
32.113.56.230,192.168.1.100,6,64,40,1769868534.636756,TCP,2036,80,S,3987554,0,8192,1,0,0,0,0,0
142.11.61.37,192.168.1.100,6,64,40,1769868534.636824,TCP,3652,80,S,6712947,0,8192,1,0,0,0,0,0
203.158.140.219,192.168.1.100,6,64,40,1769868534.636884,TCP,58392,80,S,3215544,0,8192,1,0,0,0,0,0
114.144.28.179,192.168.1.100,6,64,40,1769868534.636943,TCP,41358,80,S,8397407,0,8192,1,0,0,0,0,0
150.186.251.33,192.168.1.100,6,64,40,1769868534.637006,TCP,53299,80,S,9184202,0,8192,1,0,0,0,0,0
89.0.228.170,192.168.1.100,6,64,40,1769868534.637066,TCP,15137,80,S,8331393,0,8192,1,0,0,0,0,0
98.25.19.212,192.168.1.100,6,64,40,1769868534.637129,TCP,33700,80,S,8488618,0,8192,1,0,0,0,0,0
12.104.23.244,192.168.1.100,6,64,40,1769868534.637194,TCP,31815,80,S,2028542,0,8192,1,0,0,0,0,0
118.176.91.160,192.168.1.100,6,64,40,1769868534.637254,TCP,44919,80,S,3229438,0,8192,1,0,0,0,0,0
146.224.163.214,192.168.1.100,6,64,40,1769868534.637319,TCP,58755,80,S,2807719,0,8192,1,0,0,0,0,0
7.81.213.19,192.168.1.100,6,64,40,1769868534.637379,TCP,51522,80,S,1560009,0,8192,1,0,0,0,0,0
95.239.175.70,192.168.1.100,6,64,40,1769868534.637442,TCP,57465,80,S,8155083,0,8192,1,0,0,0,0,0
181.94.226.175,192.168.1.100,6,64,40,1769868534.637502,TCP,52562,80,S,4573733,0,8192,1,0,0,0,0,0
117.221.186.202,192.168.1.100,6,64,40,1769868534.637562,TCP,48764,80,S,6833792,0,8192,1,0,0,0,0,0
48.63.40.140,192.168.1.100,6,64,40,1769868534.637638,TCP,53222,80,S,9980262,0,8192,1,0,0,0,0,0
237.57.67.207,192.168.1.100,6,64,40,1769868534.637702,TCP,1555,80,S,3193041,0,8192,1,0,0,0,0,0
231.227.140.101,192.168.1.100,6,64,40,1769868534.637762,TCP,4967,80,S,7762516,0,8192,1,0,0,0,0,0
77.31.226.134,192.168.1.100,6,64,40,1769868534.637821,TCP,14752,80,S,4674469,0,8192,1,0,0,0,0,0
108.27.23.141,192.168.1.100,6,64,40,1769868534.637881,TCP,47568,80,S,3242973,0,8192,1,0,0,0,0,0
246.194.133.54,192.168.1.100,6,64,40,1769868534.63794,TCP,49332,80,S,4958966,0,8192,1,0,0,0,0,0
110.192.226.220,192.168.1.100,6,64,40,1769868534.638,TCP,241,80,S,9029436,0,8192,1,0,0,0,0,0
76.162.156.44,192.168.1.100,6,64,40,1769868534.638073,TCP,19573,80,S,8934358,0,8192,1,0,0,0,0,0
125.31.255.215,192.168.1.100,6,64,40,1769868534.638132,TCP,60350,80,S,4184966,0,8192,1,0,0,0,0,0
239.54.183.193,192.168.1.100,6,64,40,1769868534.638214,TCP,993,80,S,6345959,0,8192,1,0,0,0,0,0
36.181.183.42,192.168.1.100,6,64,40,1769868534.638276,TCP,25107,80,S,5799481,0,8192,1,0,0,0,0,0
134.161.227.243,192.168.1.100,6,64,40,1769868534.638336,TCP,39565,80,S,3012456,0,8192,1,0,0,0,0,0
40.157.14.203,192.168.1.100,6,64,40,1769868534.638395,TCP,18603,80,S,5863319,0,8192,1,0,0,0,0,0
207.2.121.116,192.168.1.100,6,64,40,1769868534.638455,TCP,9620,80,S,3081450,0,8192,1,0,0,0,0,0
238.115.170.232,192.168.1.100,6,64,40,1769868534.638556,TCP,50017,80,S,6245527,0,8192,1,0,0,0,0,0
13.39.202.202,192.168.1.100,6,64,40,1769868534.638623,TCP,6170,80,S,4281950,0,8192,1,0,0,0,0,0
165.21.157.117,192.168.1.100,6,64,40,1769868534.638684,TCP,2943,80,S,4272041,0,8192,1,0,0,0,0,0
152.149.145.244,192.168.1.100,6,64,40,1769868534.638743,TCP,10295,80,S,8670780,0,8192,1,0,0,0,0,0
161.167.152.26,192.168.1.100,6,64,40,1769868534.638803,TCP,394,80,S,6363452,0,8192,1,0,0,0,0,0
151.57.125.46,192.168.1.100,6,64,40,1769868534.638866,TCP,40980,80,S,1131984,0,8192,1,0,0,0,0,0
161.138.164.200,192.168.1.100,6,64,40,1769868534.638926,TCP,40881,80,S,9309996,0,8192,1,0,0,0,0,0
80.123.97.77,192.168.1.100,6,64,40,1769868534.638986,TCP,28111,80,S,9885989,0,8192,1,0,0,0,0,0
147.170.211.183,192.168.1.100,6,64,40,1769868534.639055,TCP,61547,80,S,3326325,0,8192,1,0,0,0,0,0
225.31.124.239,192.168.1.100,6,64,40,1769868534.639115,TCP,41410,80,S,5837385,0,8192,1,0,0,0,0,0
40.141.141.107,192.168.1.100,6,64,40,1769868534.639174,TCP,9754,80,S,4836290,0,8192,1,0,0,0,0,0
24.130.25.91,192.168.1.100,6,64,40,1769868534.639239,TCP,30140,80,S,4370678,0,8192,1,0,0,0,0,0
104.254.93.19,192.168.1.100,6,64,40,1769868534.639301,TCP,35038,80,S,7059800,0,8192,1,0,0,0,0,0
76.221.202.162,192.168.1.100,6,64,40,1769868534.639369,TCP,4197,80,S,9997327,0,8192,1,0,0,0,0,0
86.82.125.165,192.168.1.100,6,64,40,1769868534.639432,TCP,62230,80,S,9482690,0,8192,1,0,0,0,0,0
102.111.236.46,192.168.1.100,6,64,40,1769868534.639497,TCP,38159,80,S,7976449,0,8192,1,0,0,0,0,0
232.241.63.46,192.168.1.100,6,64,40,1769868534.639565,TCP,26563,80,S,3142921,0,8192,1,0,0,0,0,0
140.248.185.46,192.168.1.100,6,64,40,1769868534.639638,TCP,50777,80,S,2357787,0,8192,1,0,0,0,0,0
43.194.208.46,192.168.1.100,6,64,40,1769868534.639697,TCP,63478,80,S,4306590,0,8192,1,0,0,0,0,0
44.224.155.197,192.168.1.100,6,64,40,1769868534.639757,TCP,13854,80,S,6589804,0,8192,1,0,0,0,0,0
126.249.35.177,192.168.1.100,6,64,40,1769868534.639823,TCP,24023,80,S,3506654,0,8192,1,0,0,0,0,0
36.255.118.188,192.168.1.100,6,64,40,1769868534.63989,TCP,44632,80,S,7361473,0,8192,1,0,0,0,0,0
38.2.82.23,192.168.1.100,6,64,40,1769868534.639953,TCP,18530,80,S,9973514,0,8192,1,0,0,0,0,0
134.71.165.37,192.168.1.100,6,64,40,1769868534.64002,TCP,18887,80,S,8740095,0,8192,1,0,0,0,0,0
155.231.229.8,192.168.1.100,6,64,40,1769868534.640084,TCP,54121,80,S,6078820,0,8192,1,0,0,0,0,0
145.108.39.138,192.168.1.100,6,64,40,1769868534.640149,TCP,44406,80,S,7571611,0,8192,1,0,0,0,0,0
196.41.98.189,192.168.1.100,6,64,40,1769868534.64022,TCP,50377,80,S,1123980,0,8192,1,0,0,0,0,0
67.115.62.37,192.168.1.100,6,64,40,1769868534.64029,TCP,12818,80,S,1393085,0,8192,1,0,0,0,0,0
17.154.58.58,192.168.1.100,6,64,40,1769868534.640353,TCP,7845,80,S,4500089,0,8192,1,0,0,0,0,0
113.45.160.16,192.168.1.100,6,64,40,1769868534.640416,TCP,38544,80,S,7091238,0,8192,1,0,0,0,0,0
159.1.65.151,192.168.1.100,6,64,40,1769868534.640479,TCP,53679,80,S,7024532,0,8192,1,0,0,0,0,0
38.139.53.14,192.168.1.100,6,64,40,1769868534.640539,TCP,55764,80,S,2340829,0,8192,1,0,0,0,0,0
2.208.56.42,192.168.1.100,6,64,40,1769868534.640601,TCP,58471,80,S,7483322,0,8192,1,0,0,0,0,0
96.3.4.48,192.168.1.100,6,64,40,1769868534.64067,TCP,3214,80,S,3552826,0,8192,1,0,0,0,0,0
6.46.44.14,192.168.1.100,6,64,40,1769868534.640753,TCP,39961,80,S,1589199,0,8192,1,0,0,0,0,0
132.126.184.85,192.168.1.100,6,64,40,1769868534.640812,TCP,7803,80,S,9754826,0,8192,1,0,0,0,0,0
45.83.34.204,192.168.1.100,6,64,40,1769868534.640871,TCP,5000,80,S,5570949,0,8192,1,0,0,0,0,0
100.32.48.176,192.168.1.100,6,64,40,1769868534.64093,TCP,64108,80,S,9579188,0,8192,1,0,0,0,0,0
131.255.92.128,192.168.1.100,6,64,40,1769868534.640989,TCP,63325,80,S,1310653,0,8192,1,0,0,0,0,0
214.87.229.115,192.168.1.100,6,64,40,1769868534.641048,TCP,45745,80,S,1693223,0,8192,1,0,0,0,0,0
75.96.114.32,192.168.1.100,6,64,40,1769868534.641107,TCP,2896,80,S,6478803,0,8192,1,0,0,0,0,0
78.111.248.120,192.168.1.100,6,64,40,1769868534.641166,TCP,40863,80,S,6104323,0,8192,1,0,0,0,0,0
95.159.246.237,192.168.1.100,6,64,40,1769868534.64123,TCP,523,80,S,2692174,0,8192,1,0,0,0,0,0
204.103.13.191,192.168.1.100,6,64,40,1769868534.641289,TCP,56043,80,S,4975761,0,8192,1,0,0,0,0,0
239.173.7.125,192.168.1.100,6,64,40,1769868534.641348,TCP,55639,80,S,1989952,0,8192,1,0,0,0,0,0
10.119.249.33,192.168.1.100,6,64,40,1769868534.641406,TCP,53010,80,S,3931297,0,8192,1,0,0,0,0,0
80.127.253.192,192.168.1.100,6,64,40,1769868534.641472,TCP,41139,80,S,2899647,0,8192,1,0,0,0,0,0
164.38.138.193,192.168.1.100,6,64,40,1769868534.641582,TCP,37939,80,S,6625947,0,8192,1,0,0,0,0,0
28.3.162.210,192.168.1.100,6,64,40,1769868534.641671,TCP,48285,80,S,8760912,0,8192,1,0,0,0,0,0
229.64.6.253,192.168.1.100,6,64,40,1769868534.641735,TCP,16879,80,S,5632553,0,8192,1,0,0,0,0,0
168.47.160.20,192.168.1.100,6,64,40,1769868534.641794,TCP,50807,80,S,6540833,0,8192,1,0,0,0,0,0
64.208.142.14,192.168.1.100,6,64,40,1769868534.641859,TCP,50644,80,S,1480323,0,8192,1,0,0,0,0,0
131.229.66.102,192.168.1.100,6,64,40,1769868534.641923,TCP,35666,80,S,4372874,0,8192,1,0,0,0,0,0
16.158.236.10,192.168.1.100,6,64,40,1769868534.641984,TCP,13680,80,S,7095146,0,8192,1,0,0,0,0,0
69.58.234.100,192.168.1.100,6,64,40,1769868534.642043,TCP,35909,80,S,6768644,0,8192,1,0,0,0,0,0
40.41.149.20,192.168.1.100,6,64,40,1769868534.642102,TCP,4170,80,S,6741019,0,8192,1,0,0,0,0,0
119.1.230.209,192.168.1.100,6,64,40,1769868534.642161,TCP,15143,80,S,8777745,0,8192,1,0,0,0,0,0
64.2.255.108,192.168.1.100,6,64,40,1769868534.64222,TCP,39735,80,S,8623504,0,8192,1,0,0,0,0,0
33.9.63.112,192.168.1.100,6,64,40,1769868534.642281,TCP,15389,80,S,9140779,0,8192,1,0,0,0,0,0
193.235.189.108,192.168.1.100,6,64,40,1769868534.642355,TCP,42710,80,S,8962148,0,8192,1,0,0,0,0,0
211.184.124.93,192.168.1.100,6,64,40,1769868534.642469,TCP,23374,80,S,8734410,0,8192,1,0,0,0,0,0
136.163.78.109,192.168.1.100,6,64,40,1769868534.642559,TCP,4854,80,S,3805766,0,8192,1,0,0,0,0,0
187.54.123.166,192.168.1.100,6,64,40,1769868534.642625,TCP,46773,80,S,5055278,0,8192,1,0,0,0,0,0
29.10.23.112,192.168.1.100,6,64,40,1769868534.642686,TCP,57725,80,S,3382031,0,8192,1,0,0,0,0,0
68.114.18.76,192.168.1.100,6,64,40,1769868534.642746,TCP,64582,80,S,9432828,0,8192,1,0,0,0,0,0
39.50.201.248,192.168.1.100,6,64,40,1769868534.642806,TCP,57988,80,S,4994191,0,8192,1,0,0,0,0,0
58.79.145.127,192.168.1.100,6,64,40,1769868534.64287,TCP,9693,80,S,1786064,0,8192,1,0,0,0,0,0
66.96.214.117,192.168.1.100,6,64,40,1769868534.642933,TCP,34491,80,S,2902844,0,8192,1,0,0,0,0,0
237.108.180.239,192.168.1.100,6,64,40,1769868534.642994,TCP,8697,80,S,1075817,0,8192,1,0,0,0,0,0
41.190.156.240,192.168.1.100,6,64,40,1769868534.643057,TCP,3174,80,S,3692676,0,8192,1,0,0,0,0,0
218.142.114.3,192.168.1.100,6,64,40,1769868534.643118,TCP,33029,80,S,6831580,0,8192,1,0,0,0,0,0
158.152.196.57,192.168.1.100,6,64,40,1769868534.643177,TCP,17828,80,S,2569337,0,8192,1,0,0,0,0,0
86.67.116.224,192.168.1.100,6,64,40,1769868534.643262,TCP,47342,80,S,3144453,0,8192,1,0,0,0,0,0
200.1.16.133,192.168.1.100,6,64,40,1769868534.643324,TCP,11050,80,S,7916549,0,8192,1,0,0,0,0,0
58.204.146.9,192.168.1.100,6,64,40,1769868534.643383,TCP,52147,80,S,6838671,0,8192,1,0,0,0,0,0
75.235.250.248,192.168.1.100,6,64,40,1769868534.643443,TCP,50352,80,S,2540038,0,8192,1,0,0,0,0,0
64.108.178.244,192.168.1.100,6,64,40,1769868534.643504,TCP,15172,80,S,7125176,0,8192,1,0,0,0,0,0
14.248.92.219,192.168.1.100,6,64,40,1769868534.643563,TCP,59327,80,S,1055188,0,8192,1,0,0,0,0,0
195.128.166.24,192.168.1.100,6,64,40,1769868534.643622,TCP,44671,80,S,9281101,0,8192,1,0,0,0,0,0
126.15.127.196,192.168.1.100,6,64,40,1769868534.643681,TCP,55655,80,S,5220331,0,8192,1,0,0,0,0,0
20.230.173.84,192.168.1.100,6,64,40,1769868534.64374,TCP,2294,80,S,3609371,0,8192,1,0,0,0,0,0
145.147.19.252,192.168.1.100,6,64,40,1769868534.643799,TCP,4803,80,S,6366798,0,8192,1,0,0,0,0,0
241.37.202.34,192.168.1.100,6,64,40,1769868534.643859,TCP,38656,80,S,7355639,0,8192,1,0,0,0,0,0
188.43.7.54,192.168.1.100,6,64,40,1769868534.64392,TCP,50739,80,S,7267327,0,8192,1,0,0,0,0,0
53.139.2.13,192.168.1.100,6,64,40,1769868534.643986,TCP,1997,80,S,2635599,0,8192,1,0,0,0,0,0
237.148.151.30,192.168.1.100,6,64,40,1769868534.644057,TCP,10824,80,S,9378601,0,8192,1,0,0,0,0,0
75.99.0.99,192.168.1.100,6,64,40,1769868534.644132,TCP,17815,80,S,3579171,0,8192,1,0,0,0,0,0
248.175.45.10,192.168.1.100,6,64,40,1769868534.644204,TCP,39579,80,S,4223660,0,8192,1,0,0,0,0,0
39.100.191.50,192.168.1.100,6,64,40,1769868534.644265,TCP,48925,80,S,9688131,0,8192,1,0,0,0,0,0
184.50.79.157,192.168.1.100,6,64,40,1769868534.644342,TCP,3769,80,S,8862863,0,8192,1,0,0,0,0,0
116.57.214.248,192.168.1.100,6,64,40,1769868534.644401,TCP,15734,80,S,4595974,0,8192,1,0,0,0,0,0
3.104.72.4,192.168.1.100,6,64,40,1769868534.644467,TCP,52733,80,S,3684952,0,8192,1,0,0,0,0,0
50.252.45.177,192.168.1.100,6,64,40,1769868534.644528,TCP,34378,80,S,6313913,0,8192,1,0,0,0,0,0
38.192.27.15,192.168.1.100,6,64,40,1769868534.644589,TCP,12388,80,S,3327679,0,8192,1,0,0,0,0,0
76.33.122.95,192.168.1.100,6,64,40,1769868534.644648,TCP,61521,80,S,6991839,0,8192,1,0,0,0,0,0
78.108.33.95,192.168.1.100,6,64,40,1769868534.644707,TCP,37165,80,S,2827770,0,8192,1,0,0,0,0,0
89.166.69.35,192.168.1.100,6,64,40,1769868534.644766,TCP,49705,80,S,9905937,0,8192,1,0,0,0,0,0
80.237.206.199,192.168.1.100,6,64,40,1769868534.644837,TCP,18323,80,S,1082871,0,8192,1,0,0,0,0,0
126.52.58.40,192.168.1.100,6,64,40,1769868534.644896,TCP,3479,80,S,6174305,0,8192,1,0,0,0,0,0
220.70.137.2,192.168.1.100,6,64,40,1769868534.644955,TCP,2057,80,S,4990171,0,8192,1,0,0,0,0,0
101.82.126.160,192.168.1.100,6,64,40,1769868534.645015,TCP,34113,80,S,5873398,0,8192,1,0,0,0,0,0
75.23.118.14,192.168.1.100,6,64,40,1769868534.645074,TCP,42215,80,S,9768278,0,8192,1,0,0,0,0,0
234.251.43.163,192.168.1.100,6,64,40,1769868534.645133,TCP,17044,80,S,5437575,0,8192,1,0,0,0,0,0
77.85.215.96,192.168.1.100,6,64,40,1769868534.645192,TCP,64565,80,S,3128742,0,8192,1,0,0,0,0,0
88.41.156.152,192.168.1.100,6,64,40,1769868534.645252,TCP,37622,80,S,8113102,0,8192,1,0,0,0,0,0
130.100.121.45,192.168.1.100,6,64,40,1769868534.645319,TCP,36779,80,S,7456027,0,8192,1,0,0,0,0,0
210.207.107.240,192.168.1.100,6,64,40,1769868534.64538,TCP,32900,80,S,5255746,0,8192,1,0,0,0,0,0
127.182.206.70,192.168.1.100,6,64,40,1769868534.645439,TCP,9118,80,S,2673756,0,8192,1,0,0,0,0,0
189.16.12.218,192.168.1.100,6,64,40,1769868534.645498,TCP,61331,80,S,8423323,0,8192,1,0,0,0,0,0
234.100.225.168,192.168.1.100,6,64,40,1769868534.645557,TCP,14103,80,S,9322194,0,8192,1,0,0,0,0,0
103.59.229.252,192.168.1.100,6,64,40,1769868534.645626,TCP,2961,80,S,8828170,0,8192,1,0,0,0,0,0
142.7.71.170,192.168.1.100,6,64,40,1769868534.645717,TCP,44135,80,S,7761607,0,8192,1,0,0,0,0,0
188.105.204.217,192.168.1.100,6,64,40,1769868534.645776,TCP,37897,80,S,8930303,0,8192,1,0,0,0,0,0
84.211.183.217,192.168.1.100,6,64,40,1769868534.645847,TCP,45828,80,S,7234625,0,8192,1,0,0,0,0,0
48.6.192.44,192.168.1.100,6,64,40,1769868534.645906,TCP,41650,80,S,5881636,0,8192,1,0,0,0,0,0
196.174.126.79,192.168.1.100,6,64,40,1769868534.645965,TCP,26759,80,S,4430097,0,8192,1,0,0,0,0,0
109.149.212.64,192.168.1.100,6,64,40,1769868534.646024,TCP,4620,80,S,4017165,0,8192,1,0,0,0,0,0
16.206.151.203,192.168.1.100,6,64,40,1769868534.646082,TCP,61001,80,S,1614807,0,8192,1,0,0,0,0,0
25.250.214.90,192.168.1.100,6,64,40,1769868534.646141,TCP,43898,80,S,2797909,0,8192,1,0,0,0,0,0
241.36.1.250,192.168.1.100,6,64,40,1769868534.6462,TCP,24035,80,S,4190672,0,8192,1,0,0,0,0,0
2.126.138.191,192.168.1.100,6,64,40,1769868534.646259,TCP,10797,80,S,2083788,0,8192,1,0,0,0,0,0
93.146.116.171,192.168.1.100,6,64,40,1769868534.646329,TCP,22641,80,S,9624373,0,8192,1,0,0,0,0,0
226.85.252.136,192.168.1.100,6,64,40,1769868534.646388,TCP,55426,80,S,3814865,0,8192,1,0,0,0,0,0
110.109.151.140,192.168.1.100,6,64,40,1769868534.646459,TCP,40265,80,S,5338028,0,8192,1,0,0,0,0,0
93.193.164.14,192.168.1.100,6,64,40,1769868534.646519,TCP,6720,80,S,1597164,0,8192,1,0,0,0,0,0
16.236.110.185,192.168.1.100,6,64,40,1769868534.646579,TCP,56505,80,S,9491575,0,8192,1,0,0,0,0,0
135.190.79.24,192.168.1.100,6,64,40,1769868534.646647,TCP,38365,80,S,2425293,0,8192,1,0,0,0,0,0
107.164.134.151,192.168.1.100,6,64,40,1769868534.646706,TCP,40899,80,S,4841144,0,8192,1,0,0,0,0,0
154.195.170.90,192.168.1.100,6,64,40,1769868534.646764,TCP,28126,80,S,8103717,0,8192,1,0,0,0,0,0
246.126.97.149,192.168.1.100,6,64,40,1769868534.646823,TCP,26910,80,S,2708448,0,8192,1,0,0,0,0,0
172.2.194.191,192.168.1.100,6,64,40,1769868534.646881,TCP,51131,80,S,1318677,0,8192,1,0,0,0,0,0
21.45.161.28,192.168.1.100,6,64,40,1769868534.64694,TCP,48628,80,S,3827754,0,8192,1,0,0,0,0,0
212.227.86.21,192.168.1.100,6,64,40,1769868534.646998,TCP,45724,80,S,8714098,0,8192,1,0,0,0,0,0
163.111.198.75,192.168.1.100,6,64,40,1769868534.647064,TCP,48985,80,S,5155355,0,8192,1,0,0,0,0,0
234.71.4.213,192.168.1.100,6,64,40,1769868534.647123,TCP,32271,80,S,5219699,0,8192,1,0,0,0,0,0
187.30.248.28,192.168.1.100,6,64,40,1769868534.647189,TCP,21121,80,S,6530203,0,8192,1,0,0,0,0,0
109.108.196.40,192.168.1.100,6,64,40,1769868534.647254,TCP,58980,80,S,9147528,0,8192,1,0,0,0,0,0
125.180.200.6,192.168.1.100,6,64,40,1769868534.647318,TCP,5645,80,S,4686998,0,8192,1,0,0,0,0,0
103.245.94.232,192.168.1.100,6,64,40,1769868534.647377,TCP,5566,80,S,1062777,0,8192,1,0,0,0,0,0
65.78.123.237,192.168.1.100,6,64,40,1769868534.647436,TCP,110,80,S,4939457,0,8192,1,0,0,0,0,0
76.100.116.53,192.168.1.100,6,64,40,1769868534.647495,TCP,7717,80,S,7005737,0,8192,1,0,0,0,0,0
219.169.199.72,192.168.1.100,6,64,40,1769868534.647554,TCP,15895,80,S,9341704,0,8192,1,0,0,0,0,0
232.197.132.183,192.168.1.100,6,64,40,1769868534.647624,TCP,47184,80,S,3019052,0,8192,1,0,0,0,0,0
212.69.252.222,192.168.1.100,6,64,40,1769868534.647683,TCP,56619,80,S,9274828,0,8192,1,0,0,0,0,0
233.57.244.69,192.168.1.100,6,64,40,1769868534.647742,TCP,39932,80,S,9085710,0,8192,1,0,0,0,0,0
183.233.41.175,192.168.1.100,6,64,40,1769868534.647801,TCP,4145,80,S,1793880,0,8192,1,0,0,0,0,0
166.164.62.66,192.168.1.100,6,64,40,1769868534.647875,TCP,21354,80,S,6529288,0,8192,1,0,0,0,0,0
164.241.29.7,192.168.1.100,6,64,40,1769868534.647938,TCP,15223,80,S,9482668,0,8192,1,0,0,0,0,0
147.54.7.161,192.168.1.100,6,64,40,1769868534.647997,TCP,58751,80,S,7615709,0,8192,1,0,0,0,0,0
202.200.108.65,192.168.1.100,6,64,40,1769868534.648446,TCP,2804,80,S,9912239,0,8192,1,0,0,0,0,0
87.237.133.97,192.168.1.100,6,64,40,1769868534.648525,TCP,21329,80,S,6203662,0,8192,1,0,0,0,0,0
68.166.182.113,192.168.1.100,6,64,40,1769868534.648588,TCP,26069,80,S,2622062,0,8192,1,0,0,0,0,0
194.211.84.30,192.168.1.100,6,64,40,1769868534.648649,TCP,63330,80,S,7514197,0,8192,1,0,0,0,0,0
142.214.33.61,192.168.1.100,6,64,40,1769868534.648708,TCP,52923,80,S,1752057,0,8192,1,0,0,0,0,0
157.10.212.142,192.168.1.100,6,64,40,1769868534.648768,TCP,45343,80,S,1334485,0,8192,1,0,0,0,0,0
18.143.119.40,192.168.1.100,6,64,40,1769868534.648827,TCP,55575,80,S,9644806,0,8192,1,0,0,0,0,0
28.114.225.243,192.168.1.100,6,64,40,1769868534.648886,TCP,30940,80,S,5277180,0,8192,1,0,0,0,0,0
90.187.226.8,192.168.1.100,6,64,40,1769868534.648945,TCP,3412,80,S,5211148,0,8192,1,0,0,0,0,0
226.47.92.246,192.168.1.100,6,64,40,1769868534.649005,TCP,1456,80,S,1216061,0,8192,1,0,0,0,0,0
185.86.181.251,192.168.1.100,6,64,40,1769868534.649065,TCP,38241,80,S,8050899,0,8192,1,0,0,0,0,0
65.38.152.10,192.168.1.100,6,64,40,1769868534.649125,TCP,7509,80,S,1136381,0,8192,1,0,0,0,0,0
49.186.47.222,192.168.1.100,6,64,40,1769868534.649193,TCP,62346,80,S,5264989,0,8192,1,0,0,0,0,0
176.161.69.143,192.168.1.100,6,64,40,1769868534.649253,TCP,59417,80,S,5643575,0,8192,1,0,0,0,0,0
242.36.249.57,192.168.1.100,6,64,40,1769868534.649312,TCP,42685,80,S,6686379,0,8192,1,0,0,0,0,0
242.45.165.36,192.168.1.100,6,64,40,1769868534.649371,TCP,43415,80,S,5238661,0,8192,1,0,0,0,0,0
228.8.134.45,192.168.1.100,6,64,40,1769868534.64943,TCP,61771,80,S,8402198,0,8192,1,0,0,0,0,0
149.213.235.222,192.168.1.100,6,64,40,1769868534.649489,TCP,38086,80,S,7648295,0,8192,1,0,0,0,0,0
243.218.119.54,192.168.1.100,6,64,40,1769868534.649549,TCP,23757,80,S,3473102,0,8192,1,0,0,0,0,0
52.227.177.24,192.168.1.100,6,64,40,1769868534.649608,TCP,3700,80,S,1556624,0,8192,1,0,0,0,0,0
73.205.227.180,192.168.1.100,6,64,40,1769868534.649668,TCP,44508,80,S,5686525,0,8192,1,0,0,0,0,0
72.214.150.79,192.168.1.100,6,64,40,1769868534.649728,TCP,27767,80,S,6282098,0,8192,1,0,0,0,0,0
36.71.73.91,192.168.1.100,6,64,40,1769868534.649788,TCP,5053,80,S,6367920,0,8192,1,0,0,0,0,0
162.61.73.36,192.168.1.100,6,64,40,1769868534.649848,TCP,37846,80,S,1947201,0,8192,1,0,0,0,0,0
106.34.76.237,192.168.1.100,6,64,40,1769868534.649908,TCP,57532,80,S,8398898,0,8192,1,0,0,0,0,0
182.174.89.133,192.168.1.100,6,64,40,1769868534.649969,TCP,47925,80,S,7578894,0,8192,1,0,0,0,0,0
32.10.189.199,192.168.1.100,6,64,40,1769868534.65003,TCP,52757,80,S,2904296,0,8192,1,0,0,0,0,0
87.172.188.162,192.168.1.100,6,64,40,1769868534.650089,TCP,23270,80,S,9339829,0,8192,1,0,0,0,0,0
192.26.79.239,192.168.1.100,6,64,40,1769868534.650149,TCP,34363,80,S,1340741,0,8192,1,0,0,0,0,0
83.103.227.11,192.168.1.100,6,64,40,1769868534.650208,TCP,28099,80,S,1068599,0,8192,1,0,0,0,0,0
190.182.186.50,192.168.1.100,6,64,40,1769868534.650267,TCP,51559,80,S,7893373,0,8192,1,0,0,0,0,0
114.84.45.168,192.168.1.100,6,64,40,1769868534.650326,TCP,22962,80,S,6584362,0,8192,1,0,0,0,0,0
44.4.210.175,192.168.1.100,6,64,40,1769868534.650386,TCP,46719,80,S,3245700,0,8192,1,0,0,0,0,0
161.250.121.212,192.168.1.100,6,64,40,1769868534.65046,TCP,51950,80,S,3499927,0,8192,1,0,0,0,0,0
57.38.203.85,192.168.1.100,6,64,40,1769868534.65052,TCP,8491,80,S,6585969,0,8192,1,0,0,0,0,0
25.61.247.144,192.168.1.100,6,64,40,1769868534.650579,TCP,61413,80,S,4514520,0,8192,1,0,0,0,0,0
39.39.182.150,192.168.1.100,6,64,40,1769868534.650648,TCP,65122,80,S,4326513,0,8192,1,0,0,0,0,0
56.82.13.6,192.168.1.100,6,64,40,1769868534.650717,TCP,17396,80,S,7622039,0,8192,1,0,0,0,0,0
41.62.166.116,192.168.1.100,6,64,40,1769868534.650781,TCP,33606,80,S,3603812,0,8192,1,0,0,0,0,0
183.55.214.162,192.168.1.100,6,64,40,1769868534.65084,TCP,31304,80,S,5430464,0,8192,1,0,0,0,0,0
243.129.224.48,192.168.1.100,6,64,40,1769868534.650899,TCP,3359,80,S,2762456,0,8192,1,0,0,0,0,0
225.11.94.195,192.168.1.100,6,64,40,1769868534.650962,TCP,54400,80,S,9897190,0,8192,1,0,0,0,0,0
205.60.65.192,192.168.1.100,6,64,40,1769868534.651021,TCP,30383,80,S,1812246,0,8192,1,0,0,0,0,0
56.37.177.167,192.168.1.100,6,64,40,1769868534.651081,TCP,23321,80,S,7402612,0,8192,1,0,0,0,0,0
105.69.127.13,192.168.1.100,6,64,40,1769868534.65114,TCP,37965,80,S,3897088,0,8192,1,0,0,0,0,0
181.215.79.32,192.168.1.100,6,64,40,1769868534.651199,TCP,52414,80,S,4410558,0,8192,1,0,0,0,0,0
239.148.205.185,192.168.1.100,6,64,40,1769868534.651259,TCP,35720,80,S,9683507,0,8192,1,0,0,0,0,0
150.160.180.27,192.168.1.100,6,64,40,1769868534.651348,TCP,21020,80,S,9158003,0,8192,1,0,0,0,0,0
38.4.197.208,192.168.1.100,6,64,40,1769868534.651408,TCP,21153,80,S,4552736,0,8192,1,0,0,0,0,0
106.43.177.110,192.168.1.100,6,64,40,1769868534.651467,TCP,46796,80,S,7774535,0,8192,1,0,0,0,0,0
26.119.186.87,192.168.1.100,6,64,40,1769868534.651525,TCP,32445,80,S,2939909,0,8192,1,0,0,0,0,0
90.252.199.121,192.168.1.100,6,64,40,1769868534.651584,TCP,19667,80,S,5889864,0,8192,1,0,0,0,0,0
190.204.178.157,192.168.1.100,6,64,40,1769868534.651643,TCP,45878,80,S,5687495,0,8192,1,0,0,0,0,0
58.13.169.208,192.168.1.100,6,64,40,1769868534.651703,TCP,41326,80,S,2414465,0,8192,1,0,0,0,0,0
230.127.199.141,192.168.1.100,6,64,40,1769868534.651762,TCP,32758,80,S,8184488,0,8192,1,0,0,0,0,0
146.196.87.113,192.168.1.100,6,64,40,1769868534.65182,TCP,47180,80,S,1321919,0,8192,1,0,0,0,0,0
67.119.201.163,192.168.1.100,6,64,40,1769868534.651879,TCP,29645,80,S,5598689,0,8192,1,0,0,0,0,0
103.145.109.133,192.168.1.100,6,64,40,1769868534.651943,TCP,28684,80,S,8158043,0,8192,1,0,0,0,0,0
160.198.43.60,192.168.1.100,6,64,40,1769868534.652002,TCP,10832,80,S,4230658,0,8192,1,0,0,0,0,0
236.22.57.65,192.168.1.100,6,64,40,1769868534.652065,TCP,55774,80,S,2040768,0,8192,1,0,0,0,0,0
190.207.58.59,192.168.1.100,6,64,40,1769868534.652124,TCP,35026,80,S,8107916,0,8192,1,0,0,0,0,0
171.135.224.40,192.168.1.100,6,64,40,1769868534.652192,TCP,29972,80,S,1154859,0,8192,1,0,0,0,0,0
98.143.221.170,192.168.1.100,6,64,40,1769868534.652259,TCP,36564,80,S,2215934,0,8192,1,0,0,0,0,0
31.51.215.228,192.168.1.100,6,64,40,1769868534.652322,TCP,24789,80,S,5698627,0,8192,1,0,0,0,0,0
41.118.36.240,192.168.1.100,6,64,40,1769868534.652381,TCP,45820,80,S,1790511,0,8192,1,0,0,0,0,0
64.140.151.211,192.168.1.100,6,64,40,1769868534.652448,TCP,56082,80,S,1970105,0,8192,1,0,0,0,0,0
88.110.126.148,192.168.1.100,6,64,40,1769868534.652507,TCP,22077,80,S,1094290,0,8192,1,0,0,0,0,0
80.208.181.144,192.168.1.100,6,64,40,1769868534.652567,TCP,30613,80,S,4813614,0,8192,1,0,0,0,0,0
72.117.66.164,192.168.1.100,6,64,40,1769868534.65263,TCP,61797,80,S,7845528,0,8192,1,0,0,0,0,0
251.219.255.245,192.168.1.100,6,64,40,1769868534.652689,TCP,62309,80,S,9048716,0,8192,1,0,0,0,0,0
38.139.236.12,192.168.1.100,6,64,40,1769868534.652749,TCP,47612,80,S,9916092,0,8192,1,0,0,0,0,0
166.83.149.183,192.168.1.100,6,64,40,1769868534.652808,TCP,10919,80,S,6571441,0,8192,1,0,0,0,0,0
83.147.68.51,192.168.1.100,6,64,40,1769868534.652877,TCP,43749,80,S,2440869,0,8192,1,0,0,0,0,0
130.130.27.85,192.168.1.100,6,64,40,1769868534.652938,TCP,23590,80,S,7687381,0,8192,1,0,0,0,0,0
32.79.163.84,192.168.1.100,6,64,40,1769868534.652998,TCP,39202,80,S,5311703,0,8192,1,0,0,0,0,0
175.12.252.216,192.168.1.100,6,64,40,1769868534.653069,TCP,21544,80,S,5429622,0,8192,1,0,0,0,0,0
199.18.3.105,192.168.1.100,6,64,40,1769868534.653128,TCP,51624,80,S,6287058,0,8192,1,0,0,0,0,0
66.50.78.87,192.168.1.100,6,64,40,1769868534.653188,TCP,34536,80,S,8134829,0,8192,1,0,0,0,0,0
135.63.245.227,192.168.1.100,6,64,40,1769868534.653249,TCP,60827,80,S,2475937,0,8192,1,0,0,0,0,0
48.26.202.35,192.168.1.100,6,64,40,1769868534.653309,TCP,53186,80,S,5507836,0,8192,1,0,0,0,0,0
173.255.173.215,192.168.1.100,6,64,40,1769868534.653368,TCP,12309,80,S,6897194,0,8192,1,0,0,0,0,0
188.54.211.173,192.168.1.100,6,64,40,1769868534.653428,TCP,23368,80,S,1487489,0,8192,1,0,0,0,0,0
1.192.65.140,192.168.1.100,6,64,40,1769868534.653487,TCP,17560,80,S,2034245,0,8192,1,0,0,0,0,0
173.239.82.60,192.168.1.100,6,64,40,1769868534.653546,TCP,18078,80,S,8630242,0,8192,1,0,0,0,0,0
58.22.73.59,192.168.1.100,6,64,40,1769868534.653605,TCP,59615,80,S,2606822,0,8192,1,0,0,0,0,0
41.217.182.21,192.168.1.100,6,64,40,1769868534.653696,TCP,24283,80,S,7751908,0,8192,1,0,0,0,0,0
83.120.233.120,192.168.1.100,6,64,40,1769868534.653756,TCP,53927,80,S,3046172,0,8192,1,0,0,0,0,0
74.183.86.170,192.168.1.100,6,64,40,1769868534.653815,TCP,49645,80,S,5411191,0,8192,1,0,0,0,0,0
55.152.96.102,192.168.1.100,6,64,40,1769868534.653878,TCP,7491,80,S,1918862,0,8192,1,0,0,0,0,0
202.96.162.64,192.168.1.100,6,64,40,1769868534.653937,TCP,49078,80,S,3694135,0,8192,1,0,0,0,0,0
71.97.236.206,192.168.1.100,6,64,40,1769868534.653996,TCP,11405,80,S,9386913,0,8192,1,0,0,0,0,0
60.138.118.89,192.168.1.100,6,64,40,1769868534.654056,TCP,21302,80,S,1635555,0,8192,1,0,0,0,0,0
245.95.130.154,192.168.1.100,6,64,40,1769868534.654119,TCP,8150,80,S,1003832,0,8192,1,0,0,0,0,0
158.205.40.21,192.168.1.100,6,64,40,1769868534.654178,TCP,6746,80,S,3567283,0,8192,1,0,0,0,0,0
228.86.205.39,192.168.1.100,6,64,40,1769868534.654237,TCP,8461,80,S,3103721,0,8192,1,0,0,0,0,0
185.237.38.138,192.168.1.100,6,64,40,1769868534.654296,TCP,24356,80,S,7650719,0,8192,1,0,0,0,0,0
11.152.224.203,192.168.1.100,6,64,40,1769868534.654358,TCP,43207,80,S,6536650,0,8192,1,0,0,0,0,0
84.44.49.115,192.168.1.100,6,64,40,1769868534.654419,TCP,39660,80,S,1395408,0,8192,1,0,0,0,0,0
181.53.1.152,192.168.1.100,6,64,40,1769868534.654479,TCP,35323,80,S,6580080,0,8192,1,0,0,0,0,0
178.173.234.197,192.168.1.100,6,64,40,1769868534.654538,TCP,64777,80,S,6115289,0,8192,1,0,0,0,0,0
93.138.27.214,192.168.1.100,6,64,40,1769868534.654596,TCP,41449,80,S,6028060,0,8192,1,0,0,0,0,0
190.172.69.231,192.168.1.100,6,64,40,1769868534.654656,TCP,7171,80,S,4435513,0,8192,1,0,0,0,0,0
221.149.247.245,192.168.1.100,6,64,40,1769868534.654715,TCP,61860,80,S,1619775,0,8192,1,0,0,0,0,0
25.230.75.218,192.168.1.100,6,64,40,1769868534.654775,TCP,7572,80,S,5080170,0,8192,1,0,0,0,0,0
143.197.133.211,192.168.1.100,6,64,40,1769868534.654834,TCP,12677,80,S,1574355,0,8192,1,0,0,0,0,0
98.61.137.181,192.168.1.100,6,64,40,1769868534.654893,TCP,55907,80,S,9666402,0,8192,1,0,0,0,0,0
212.60.34.139,192.168.1.100,6,64,40,1769868534.654952,TCP,2036,80,S,5289716,0,8192,1,0,0,0,0,0
19.162.104.18,192.168.1.100,6,64,40,1769868534.655012,TCP,64536,80,S,3470303,0,8192,1,0,0,0,0,0
247.149.214.3,192.168.1.100,6,64,40,1769868534.655071,TCP,18247,80,S,1194477,0,8192,1,0,0,0,0,0
95.216.191.61,192.168.1.100,6,64,40,1769868534.655131,TCP,27177,80,S,5404066,0,8192,1,0,0,0,0,0
181.16.223.101,192.168.1.100,6,64,40,1769868534.65519,TCP,2417,80,S,1387057,0,8192,1,0,0,0,0,0
3.97.129.30,192.168.1.100,6,64,40,1769868534.655249,TCP,62881,80,S,8893042,0,8192,1,0,0,0,0,0
119.101.183.38,192.168.1.100,6,64,40,1769868534.655317,TCP,4989,80,S,7708480,0,8192,1,0,0,0,0,0
106.69.184.180,192.168.1.100,6,64,40,1769868534.655376,TCP,9285,80,S,1471010,0,8192,1,0,0,0,0,0
23.134.235.239,192.168.1.100,6,64,40,1769868534.655437,TCP,48429,80,S,2487311,0,8192,1,0,0,0,0,0
232.106.89.37,192.168.1.100,6,64,40,1769868534.655497,TCP,29981,80,S,9534291,0,8192,1,0,0,0,0,0
154.52.18.75,192.168.1.100,6,64,40,1769868534.655556,TCP,9072,80,S,1059792,0,8192,1,0,0,0,0,0
19.154.165.5,192.168.1.100,6,64,40,1769868534.655615,TCP,27984,80,S,2294368,0,8192,1,0,0,0,0,0
114.253.150.99,192.168.1.100,6,64,40,1769868534.655677,TCP,25567,80,S,1966982,0,8192,1,0,0,0,0,0
88.38.91.227,192.168.1.100,6,64,40,1769868534.655736,TCP,39127,80,S,6588985,0,8192,1,0,0,0,0,0
96.124.154.206,192.168.1.100,6,64,40,1769868534.655796,TCP,9403,80,S,7025987,0,8192,1,0,0,0,0,0
66.94.96.81,192.168.1.100,6,64,40,1769868534.655855,TCP,7637,80,S,1291459,0,8192,1,0,0,0,0,0
219.193.138.253,192.168.1.100,6,64,40,1769868534.655914,TCP,10264,80,S,1372185,0,8192,1,0,0,0,0,0
233.150.99.155,192.168.1.100,6,64,40,1769868534.655973,TCP,58877,80,S,3036291,0,8192,1,0,0,0,0,0
110.200.171.92,192.168.1.100,6,64,40,1769868534.656055,TCP,46663,80,S,7700737,0,8192,1,0,0,0,0,0
151.17.219.197,192.168.1.100,6,64,40,1769868534.656114,TCP,8556,80,S,2357054,0,8192,1,0,0,0,0,0
29.75.196.146,192.168.1.100,6,64,40,1769868534.656173,TCP,63567,80,S,8569561,0,8192,1,0,0,0,0,0
110.249.25.163,192.168.1.100,6,64,40,1769868534.656232,TCP,35794,80,S,7722093,0,8192,1,0,0,0,0,0
79.105.183.145,192.168.1.100,6,64,40,1769868534.656292,TCP,32331,80,S,6380873,0,8192,1,0,0,0,0,0
118.40.44.144,192.168.1.100,6,64,40,1769868534.656351,TCP,26014,80,S,7450577,0,8192,1,0,0,0,0,0
84.147.82.83,192.168.1.100,6,64,40,1769868534.65641,TCP,36838,80,S,6321264,0,8192,1,0,0,0,0,0
67.79.102.175,192.168.1.100,6,64,40,1769868534.65647,TCP,45798,80,S,6199176,0,8192,1,0,0,0,0,0
33.84.129.161,192.168.1.100,6,64,40,1769868534.656533,TCP,29295,80,S,2482774,0,8192,1,0,0,0,0,0
137.8.93.107,192.168.1.100,6,64,40,1769868534.656593,TCP,55193,80,S,7956426,0,8192,1,0,0,0,0,0
112.202.51.167,192.168.1.100,6,64,40,1769868534.656653,TCP,7394,80,S,7017938,0,8192,1,0,0,0,0,0
85.237.93.182,192.168.1.100,6,64,40,1769868534.656712,TCP,60505,80,S,9492901,0,8192,1,0,0,0,0,0
61.4.36.188,192.168.1.100,6,64,40,1769868534.656772,TCP,23162,80,S,4041339,0,8192,1,0,0,0,0,0
3.97.5.165,192.168.1.100,6,64,40,1769868534.656831,TCP,57153,80,S,9182395,0,8192,1,0,0,0,0,0
53.249.193.21,192.168.1.100,6,64,40,1769868534.65689,TCP,56978,80,S,6298815,0,8192,1,0,0,0,0,0
44.80.226.224,192.168.1.100,6,64,40,1769868534.656951,TCP,26390,80,S,3155266,0,8192,1,0,0,0,0,0
251.117.57.32,192.168.1.100,6,64,40,1769868534.65701,TCP,24723,80,S,9325764,0,8192,1,0,0,0,0,0
251.183.121.175,192.168.1.100,6,64,40,1769868534.657069,TCP,57563,80,S,4420885,0,8192,1,0,0,0,0,0
63.175.154.119,192.168.1.100,6,64,40,1769868534.657128,TCP,39454,80,S,8870925,0,8192,1,0,0,0,0,0
238.126.177.184,192.168.1.100,6,64,40,1769868534.657188,TCP,57891,80,S,4947567,0,8192,1,0,0,0,0,0
222.48.26.86,192.168.1.100,6,64,40,1769868534.657247,TCP,61982,80,S,8831780,0,8192,1,0,0,0,0,0
210.96.2.117,192.168.1.100,6,64,40,1769868534.657308,TCP,54756,80,S,9886650,0,8192,1,0,0,0,0,0
213.241.188.86,192.168.1.100,6,64,40,1769868534.657367,TCP,27383,80,S,8757167,0,8192,1,0,0,0,0,0
176.156.154.228,192.168.1.100,6,64,40,1769868534.657426,TCP,24085,80,S,3828748,0,8192,1,0,0,0,0,0
161.246.171.216,192.168.1.100,6,64,40,1769868534.657487,TCP,60824,80,S,3276949,0,8192,1,0,0,0,0,0
209.101.204.231,192.168.1.100,6,64,40,1769868534.657546,TCP,22326,80,S,2974440,0,8192,1,0,0,0,0,0
169.164.228.191,192.168.1.100,6,64,40,1769868534.657607,TCP,43011,80,S,7215297,0,8192,1,0,0,0,0,0
21.28.228.204,192.168.1.100,6,64,40,1769868534.657667,TCP,50310,80,S,5844668,0,8192,1,0,0,0,0,0
200.198.205.180,192.168.1.100,6,64,40,1769868534.657727,TCP,49030,80,S,8558797,0,8192,1,0,0,0,0,0
12.156.88.215,192.168.1.100,6,64,40,1769868534.657787,TCP,29898,80,S,1151578,0,8192,1,0,0,0,0,0
186.126.75.165,192.168.1.100,6,64,40,1769868534.657847,TCP,49231,80,S,9197272,0,8192,1,0,0,0,0,0
202.52.20.128,192.168.1.100,6,64,40,1769868534.657906,TCP,44048,80,S,8241464,0,8192,1,0,0,0,0,0
201.200.38.189,192.168.1.100,6,64,40,1769868534.657965,TCP,8680,80,S,9845195,0,8192,1,0,0,0,0,0
219.139.239.174,192.168.1.100,6,64,40,1769868534.658024,TCP,17911,80,S,1916861,0,8192,1,0,0,0,0,0
180.136.144.113,192.168.1.100,6,64,40,1769868534.658083,TCP,5373,80,S,5469617,0,8192,1,0,0,0,0,0
248.56.178.95,192.168.1.100,6,64,40,1769868534.658143,TCP,3812,80,S,9402219,0,8192,1,0,0,0,0,0
239.180.183.186,192.168.1.100,6,64,40,1769868534.658209,TCP,58412,80,S,2585361,0,8192,1,0,0,0,0,0
147.210.252.242,192.168.1.100,6,64,40,1769868534.65827,TCP,40855,80,S,5036037,0,8192,1,0,0,0,0,0
39.167.43.131,192.168.1.100,6,64,40,1769868534.658351,TCP,30572,80,S,3331251,0,8192,1,0,0,0,0,0
135.210.99.213,192.168.1.100,6,64,40,1769868534.658418,TCP,56758,80,S,9690639,0,8192,1,0,0,0,0,0
176.134.85.57,192.168.1.100,6,64,40,1769868534.658478,TCP,50322,80,S,5613425,0,8192,1,0,0,0,0,0
111.61.76.78,192.168.1.100,6,64,40,1769868534.658593,TCP,5973,80,S,4855445,0,8192,1,0,0,0,0,0
157.5.0.207,192.168.1.100,6,64,40,1769868534.658676,TCP,25370,80,S,8717528,0,8192,1,0,0,0,0,0
166.163.142.183,192.168.1.100,6,64,40,1769868534.658738,TCP,46948,80,S,1733921,0,8192,1,0,0,0,0,0
220.246.219.253,192.168.1.100,6,64,40,1769868534.658822,TCP,64298,80,S,5109318,0,8192,1,0,0,0,0,0
37.247.46.27,192.168.1.100,6,64,40,1769868534.658893,TCP,53029,80,S,3465575,0,8192,1,0,0,0,0,0
210.45.38.172,192.168.1.100,6,64,40,1769868534.658964,TCP,353,80,S,2014472,0,8192,1,0,0,0,0,0
130.51.206.86,192.168.1.100,6,64,40,1769868534.659033,TCP,56020,80,S,3723013,0,8192,1,0,0,0,0,0
32.232.243.81,192.168.1.100,6,64,40,1769868534.659094,TCP,49277,80,S,9220248,0,8192,1,0,0,0,0,0
1.116.151.194,192.168.1.100,6,64,40,1769868534.659154,TCP,53726,80,S,5109517,0,8192,1,0,0,0,0,0
164.123.145.182,192.168.1.100,6,64,40,1769868534.659213,TCP,39266,80,S,5008005,0,8192,1,0,0,0,0,0
50.142.164.116,192.168.1.100,6,64,40,1769868534.659273,TCP,23864,80,S,9270058,0,8192,1,0,0,0,0,0
64.237.96.143,192.168.1.100,6,64,40,1769868534.659332,TCP,20467,80,S,4290193,0,8192,1,0,0,0,0,0
156.232.97.31,192.168.1.100,6,64,40,1769868534.659391,TCP,12443,80,S,4715317,0,8192,1,0,0,0,0,0
32.67.128.80,192.168.1.100,6,64,40,1769868534.659465,TCP,37840,80,S,1390100,0,8192,1,0,0,0,0,0
14.56.142.194,192.168.1.100,6,64,40,1769868534.659524,TCP,15352,80,S,7231020,0,8192,1,0,0,0,0,0
56.111.249.38,192.168.1.100,6,64,40,1769868534.659583,TCP,49385,80,S,1246116,0,8192,1,0,0,0,0,0
192.165.200.213,192.168.1.100,6,64,40,1769868534.659664,TCP,27214,80,S,8487041,0,8192,1,0,0,0,0,0
188.132.222.193,192.168.1.100,6,64,40,1769868534.659724,TCP,27068,80,S,1832618,0,8192,1,0,0,0,0,0
48.200.183.233,192.168.1.100,6,64,40,1769868534.659783,TCP,20725,80,S,7886900,0,8192,1,0,0,0,0,0
110.217.87.48,192.168.1.100,6,64,40,1769868534.659847,TCP,48144,80,S,1548041,0,8192,1,0,0,0,0,0
209.100.145.69,192.168.1.100,6,64,40,1769868534.659909,TCP,56218,80,S,1897631,0,8192,1,0,0,0,0,0
97.156.71.232,192.168.1.100,6,64,40,1769868534.659968,TCP,19106,80,S,6283685,0,8192,1,0,0,0,0,0
159.155.213.130,192.168.1.100,6,64,40,1769868534.66004,TCP,2256,80,S,2809707,0,8192,1,0,0,0,0,0
117.183.219.216,192.168.1.100,6,64,40,1769868534.6601,TCP,56315,80,S,2302961,0,8192,1,0,0,0,0,0
28.200.143.172,192.168.1.100,6,64,40,1769868534.660163,TCP,3042,80,S,4397464,0,8192,1,0,0,0,0,0
104.13.108.73,192.168.1.100,6,64,40,1769868534.660226,TCP,39663,80,S,2897344,0,8192,1,0,0,0,0,0
245.86.10.16,192.168.1.100,6,64,40,1769868534.660289,TCP,7676,80,S,9753381,0,8192,1,0,0,0,0,0
243.171.130.161,192.168.1.100,6,64,40,1769868534.66035,TCP,59198,80,S,4463698,0,8192,1,0,0,0,0,0
